Time,Gyr0_X,Gyr0_Y,Gyr0_Z,Acc0_X,Acc0_Y,Acc0_Z,Mag0_X,Mag0_Y,Mag0_Z,LiA0_X,LiA0_Y,LiA0_Z,Quat0_W,Quat0_X,Quat0_Y,Quat0_Z,Gyr1_X,Gyr1_Y,Gyr1_Z,Acc1_X,Acc1_Y,Acc1_Z,Mag1_X,Mag1_Y,Mag1_Z,LiA1_X,LiA1_Y,LiA1_Z,Quat1_W,Quat1_X,Quat1_Y,Quat1_Z,Gyr2_X,Gyr2_Y,Gyr2_Z,Acc2_X,Acc2_Y,Acc2_Z,Mag2_X,Mag2_Y,Mag2_Z,LiA2_X,LiA2_Y,LiA2_Z,Quat2_W,Quat2_X,Quat2_Y,Quat2_Z,Gyr3_X,Gyr3_Y,Gyr3_Z,Acc3_X,Acc3_Y,Acc3_Z,Mag3_X,Mag3_Y,Mag3_Z,LiA3_X,LiA3_Y,LiA3_Z,Quat3_W,Quat3_X,Quat3_Y,Quat3_Z,
(sec),(dps),(dps),(dps),(G),(G),(G),(Guass),(Guass),(Guass),(G),(G),(G),,,,,(dps),(dps),(dps),(G),(G),(G),(Guass),(Guass),(Guass),(G),(G),(G),,,,,(dps),(dps),(dps),(G),(G),(G),(Guass),(Guass),(Guass),(G),(G),(G),,,,,(dps),(dps),(dps),(G),(G),(G),(Guass),(Guass),(Guass),(G),(G),(G),,,,,
6978.425,0.7324442267,-0.7934812307,0.4882961512,-0.5836359859,0.6910611391,-0.4808496237,-0.0560319833,0.4508194327,-0.1416058838,0.0054317713,0.0261642933,-0.0213127136,-0.4976894259,-0.7758984566,-0.3577613235,0.1501225382,0.7324442267,-0.7934812307,0.4882961512,-0.5836359859,0.6910611391,-0.4808496237,-0.0560319833,0.4508194327,-0.1416058838,0.0054317713,0.0261642933,-0.0213127136,-0.4976894259,-0.7758984566,-0.3577613235,0.1501225382,0.1220740378,-0.1220740378,1.3428144455,-0.7846919298,-0.1524704695,-0.6286813021,-0.6722617149,0.1732230633,-0.0858180523,0.0380344987,-0.1135848165,-0.0613898039,-0.4575567544,-0.1179142669,-0.8774880171,0.0836425051,0.6103702188,-0.5493331552,-0.3662221134,-0.5870540738,0.6971648335,-0.4818262160,-0.0572527237,0.4542374909,-0.1403851509,0.0020034909,0.0322961807,-0.0222351253,0.4976738989,0.7758861184,0.3578262627,-0.1500838399,
6978.541,0.6103702188,-0.5493331552,-0.3662221134,-0.5870540738,0.6971648335,-0.4818262160,-0.0572527237,0.4542374909,-0.1403851509,0.0020034909,0.0322961807,-0.0222351253,-0.4976738989,-0.7758861184,-0.3578262627,0.1500838399,0.6103702188,-0.5493331552,-0.3662221134,-0.5870540738,0.6971648335,-0.4818262160,-0.0572527237,0.4542374909,-0.1403851509,0.0020034909,0.0322961807,-0.0222351253,-0.4976738989,-0.7758861184,-0.3578262627,0.1500838399,2.6245918274,-2.0142216682,0.4882961512,-0.7915280461,-0.1622363925,-0.6230658889,-0.6721396446,0.1752983183,-0.0866725668,0.0312051773,-0.1225574464,-0.0558390021,-0.4574517608,-0.1185208112,-0.8773880601,0.0844062418,1.0376293659,-1.0376293659,0.6103702188,-0.5838801265,0.6910611391,-0.4818262160,-0.0572527237,0.4505752623,-0.1386761069,0.0050938725,0.0261649489,-0.0221681893,0.4976513684,0.7759165764,0.3578067422,-0.1500470191,
6978.657,1.0376293659,-1.0376293659,0.6103702188,-0.5838801265,0.6910611391,-0.4818262160,-0.0572527237,0.4505752623,-0.1386761069,0.0050938725,0.0261649489,-0.0221681893,-0.4976513684,-0.7759165764,-0.3578067422,0.1500470191,1.0376293659,-1.0376293659,0.6103702188,-0.5838801265,0.6910611391,-0.4818262160,-0.0572527237,0.4505752623,-0.1386761069,0.0050938725,0.0261649489,-0.0221681893,-0.4976513684,-0.7759165764,-0.3578067422,0.1500470191,-1.6479995251,6.1037020683,0.6103702188,-0.7928708792,-0.1600390673,-0.6294137239,-0.6655476689,0.1749320924,-0.0919217542,0.0290532112,-0.1200248227,-0.0610390306,-0.4567593932,-0.1190520599,-0.8776430488,0.0847557187,0.3051851094,-0.1831110567,-0.3051851094,-0.5872982144,0.6992400885,-0.4788964391,-0.0544450209,0.4499649107,-0.1439252943,0.0016301274,0.0343319178,-0.0191971660,0.4976460040,0.7759119868,0.3578455746,-0.1499960572,
6978.773,0.3051851094,-0.1831110567,-0.3051851094,-0.5872982144,0.6992400885,-0.4788964391,-0.0544450209,0.4499649107,-0.1439252943,0.0016301274,0.0343319178,-0.0191971660,-0.4976460040,-0.7759119868,-0.3578455746,0.1499960572,0.3051851094,-0.1831110567,-0.3051851094,-0.5872982144,0.6992400885,-0.4788964391,-0.0544450209,0.4499649107,-0.1439252943,0.0016301274,0.0343319178,-0.0191971660,-0.4976460040,-0.7759119868,-0.3578455746,0.1499960572,1.5259255171,0.1220740378,-0.3051851094,-0.7813959122,-0.1488082558,-0.6316110492,-0.6683553457,0.1766411364,-0.0882595330,0.0402858853,-0.1080633253,-0.0629383922,-0.4564731717,-0.1195979416,-0.8776535988,0.0854160637,0.4882961512,-0.6714072227,-0.4272591472,-0.5825372934,0.6948454380,-0.4851222336,-0.0531022064,0.4485000074,-0.1423383355,0.0063836575,0.0299647450,-0.0253739953,0.4976260960,0.7759134769,0.3578763008,-0.1499804854,
6978.889,0.4882961512,-0.6714072227,-0.4272591472,-0.5825372934,0.6948454380,-0.4851222336,-0.0531022064,0.4485000074,-0.1423383355,0.0063836575,0.0299647450,-0.0253739953,-0.4976260960,-0.7759134769,-0.3578763008,0.1499804854,0.4882961512,-0.6714072227,-0.4272591472,-0.5825372934,0.6948454380,-0.4851222336,-0.0531022064,0.4485000074,-0.1423383355,0.0063836575,0.0299647450,-0.0253739953,-0.4976260960,-0.7759134769,-0.3578763008,0.1499804854,0.3051851094,-0.8545182943,-0.1831110567,-0.7892086506,-0.1583300233,-0.6270943284,-0.6717734337,0.1796929836,-0.0810571611,0.0323519707,-0.1169534326,-0.0582922101,-0.4562922120,-0.1200749874,-0.8776254058,0.0860020444,0.5493331552,-0.9765923023,0.1831110567,-0.5830256343,0.6942350268,-0.4809717238,-0.0567644276,0.4471572042,-0.1366008520,0.0058497787,0.0293198824,-0.0212147832,0.4976356328,0.7759065628,0.3578976691,-0.1499344110,
6979.005,0.5493331552,-0.9765923023,0.1831110567,-0.5830256343,0.6942350268,-0.4809717238,-0.0567644276,0.4471572042,-0.1366008520,0.0058497787,0.0293198824,-0.0212147832,-0.4976356328,-0.7759065628,-0.3578976691,0.1499344110,0.5493331552,-0.9765923023,0.1831110567,-0.5830256343,0.6942350268,-0.4809717238,-0.0567644276,0.4471572042,-0.1366008520,0.0058497787,0.0293198824,-0.0212147832,-0.4976356328,-0.7759065628,-0.3578976691,0.1499344110,-1.8921475410,1.8921475410,-0.6714072227,-0.7838373780,-0.1517380327,-0.6350291371,-0.6736045480,0.1770073622,-0.0896023437,0.0372999310,-0.1099130586,-0.0656490922,-0.4559013247,-0.1204624400,-0.8777368665,0.0863943100,0.3051851094,-0.5493331552,-0.2441480756,-0.5848566890,0.6954557896,-0.4820703864,-0.0520035401,0.4487441778,-0.1394085586,0.0039908886,0.0305328369,-0.0222891569,0.4976362884,0.7758951783,0.3579391241,-0.1498917341,
6979.121,0.3051851094,-0.5493331552,-0.2441480756,-0.5848566890,0.6954557896,-0.4820703864,-0.0520035401,0.4487441778,-0.1394085586,0.0039908886,0.0305328369,-0.0222891569,-0.4976362884,-0.7758951783,-0.3579391241,0.1498917341,0.3051851094,-0.5493331552,-0.2441480756,-0.5848566890,0.6954557896,-0.4820703864,-0.0520035401,0.4487441778,-0.1394085586,0.0039908886,0.0305328369,-0.0222891569,-0.4976362884,-0.7758951783,-0.3579391241,0.1498917341,0.4272591472,-0.6103702188,-0.5493331552,-0.7832270265,-0.1490523964,-0.6366161108,-0.6733604074,0.1792046875,-0.0907010138,0.0377343297,-0.1065819338,-0.0670301914,-0.4556762278,-0.1209480911,-0.8777287602,0.0869840533,0.3662221134,-0.6714072227,-0.1220740378,-0.5830256343,0.6943571568,-0.4801172018,-0.0544450209,0.4485000074,-0.1418500394,0.0057885647,0.0294150114,-0.0203208327,0.4976386428,0.7758921981,0.3579565287,-0.1498585790,
6979.237,0.3662221134,-0.6714072227,-0.1220740378,-0.5830256343,0.6943571568,-0.4801172018,-0.0544450209,0.4485000074,-0.1418500394,0.0057885647,0.0294150114,-0.0203208327,-0.4976386428,-0.7758921981,-0.3579565287,0.1498585790,0.3662221134,-0.6714072227,-0.1220740378,-0.5830256343,0.6943571568,-0.4801172018,-0.0544450209,0.4485000074,-0.1418500394,0.0057885647,0.0294150114,-0.0203208327,-0.4976386428,-0.7758921981,-0.3579565287,0.1498585790,1.7090365887,-2.6245918274,0.1220740378,-0.7835932374,-0.1508835107,-0.6296578646,-0.6709189415,0.1749320924,-0.0859401226,0.0374133587,-0.1077281088,-0.0601886511,-0.4556114674,-0.1214873120,-0.8776210546,0.0876559541,0.3662221134,-0.4272591472,-0.0610370189,-0.5816828012,0.6954557896,-0.4819483161,-0.0488296151,0.4470351338,-0.1419721097,0.0070626140,0.0304857492,-0.0221044123,0.4976277649,0.7759066224,0.3579582274,-0.1498153955,
6979.353,0.3662221134,-0.4272591472,-0.0610370189,-0.5816828012,0.6954557896,-0.4819483161,-0.0488296151,0.4470351338,-0.1419721097,0.0070626140,0.0304857492,-0.0221044123,-0.4976277649,-0.7759066224,-0.3579582274,0.1498153955,0.3662221134,-0.4272591472,-0.0610370189,-0.5816828012,0.6954557896,-0.4819483161,-0.0488296151,0.4470351338,-0.1419721097,0.0070626140,0.0304857492,-0.0221044123,-0.4976277649,-0.7759066224,-0.3579582274,0.1498153955,-0.7324442267,-0.2441480756,-0.5493331552,-0.7907956243,-0.1492965519,-0.6273384690,-0.6740928292,0.1779839545,-0.0888698995,0.0300317407,-0.1056166887,-0.0576509833,-0.4553970397,-0.1219146103,-0.8776239157,0.0881465077,0.1831110567,-0.4272591472,-0.4272591472,-0.5786309242,0.6944792271,-0.4836573303,-0.0505386516,0.4489883184,-0.1467330009,0.0100783110,0.0295035839,-0.0237752497,0.4976157546,0.7759158611,0.3579647541,-0.1497916728,
6979.469,0.1831110567,-0.4272591472,-0.4272591472,-0.5786309242,0.6944792271,-0.4836573303,-0.0505386516,0.4489883184,-0.1467330009,0.0100783110,0.0295035839,-0.0237752497,-0.4976157546,-0.7759158611,-0.3579647541,0.1497916728,0.1831110567,-0.4272591472,-0.4272591472,-0.5786309242,0.6944792271,-0.4836573303,-0.0505386516,0.4489883184,-0.1467330009,0.0100783110,0.0295035839,-0.0237752497,-0.4976157546,-0.7759158611,-0.3579647541,0.1497916728,-2.1973326206,0.0000000000,-0.6103702188,-0.7888424397,-0.1422162503,-0.6335642338,-0.6675008535,0.1783501655,-0.0893581957,0.0317655206,-0.0981872231,-0.0635878444,-0.4551675022,-0.1223025620,-0.8776521683,0.0885119066,0.6714072227,-1.2207404375,0.2441480756,-0.5799737573,0.6935026050,-0.4826807380,-0.0515152439,0.4516739547,-0.1449018866,0.0086928010,0.0284953713,-0.0227897167,0.4976089895,0.7759458423,0.3579060137,-0.1497991383,
6979.585,0.6714072227,-1.2207404375,0.2441480756,-0.5799737573,0.6935026050,-0.4826807380,-0.0515152439,0.4516739547,-0.1449018866,0.0086928010,0.0284953713,-0.0227897167,-0.4976089895,-0.7759458423,-0.3579060137,0.1497991383,0.6714072227,-1.2207404375,0.2441480756,-0.5799737573,0.6935026050,-0.4826807380,-0.0515152439,0.4516739547,-0.1449018866,0.0086928010,0.0284953713,-0.0227897167,-0.4976089895,-0.7759458423,-0.3579060137,0.1497991383,-2.5635547638,2.8077027798,-0.2441480756,-0.7855464220,-0.1522263288,-0.6366161108,-0.6762901545,0.1767632067,-0.0891140476,0.0345523357,-0.1078899428,-0.0659313202,-0.4547199309,-0.1226912215,-0.8777997494,0.0888110772,0.4272591472,-0.9155552983,0.4272591472,-0.5851008892,0.7000945807,-0.4777977765,-0.0539567247,0.4497207701,-0.1389202625,0.0034880638,0.0350023508,-0.0179302990,0.4976365864,0.7759457231,0.3578898907,-0.1497467905,
6979.701,0.4272591472,-0.9155552983,0.4272591472,-0.5851008892,0.7000945807,-0.4777977765,-0.0539567247,0.4497207701,-0.1389202625,0.0034880638,0.0350023508,-0.0179302990,-0.4976365864,-0.7759457231,-0.3578898907,0.1497467905,0.4272591472,-0.9155552983,0.4272591472,-0.5851008892,0.7000945807,-0.4777977765,-0.0539567247,0.4497207701,-0.1389202625,0.0034880638,0.0350023508,-0.0179302990,-0.4976365864,-0.7759457231,-0.3578898907,0.1497467905,-1.4648884535,0.7934812307,-0.2441480756,-0.7782219648,-0.1395306289,-0.6379589438,-0.6747031808,0.1727347672,-0.0861842707,0.0415560603,-0.0948373303,-0.0668416023,-0.4544110596,-0.1230952442,-0.8778663278,0.0891735852,0.1831110567,-0.2441480756,-0.5493331552,-0.5808282495,0.6955778599,-0.4828028083,-0.0531022064,0.4505752623,-0.1558885425,0.0077310801,0.0304931998,-0.0228863955,0.4976108372,0.7759733200,0.3578642309,-0.1497506946,
6979.817,0.1831110567,-0.2441480756,-0.5493331552,-0.5808282495,0.6955778599,-0.4828028083,-0.0531022064,0.4505752623,-0.1558885425,0.0077310801,0.0304931998,-0.0228863955,-0.4976108372,-0.7759733200,-0.3578642309,0.1497506946,0.1831110567,-0.2441480756,-0.5493331552,-0.5808282495,0.6955778599,-0.4828028083,-0.0531022064,0.4505752623,-0.1558885425,0.0077310801,0.0304931998,-0.0228863955,-0.4976108372,-0.7759733200,-0.3578642309,0.1497506946,-1.5259255171,0.9765923023,-0.7324442267,-0.7857905626,-0.1329386234,-0.6430860162,-0.6766563654,0.1777397990,-0.0896023437,0.0336493850,-0.0878643245,-0.0715138912,-0.4540874958,-0.1234975383,-0.8779393435,0.0895458609,0.4272591472,-0.7324442267,-0.1831110567,-0.5787529945,0.6959440708,-0.4820703864,-0.0511490218,0.4510635734,-0.1466109157,0.0097670555,0.0308428407,-0.0221277773,0.4976008236,0.7759916186,0.3578428626,-0.1497401595,
6979.933,0.4272591472,-0.7324442267,-0.1831110567,-0.5787529945,0.6959440708,-0.4820703864,-0.0511490218,0.4510635734,-0.1466109157,0.0097670555,0.0308428407,-0.0221277773,-0.4976008236,-0.7759916186,-0.3578428626,0.1497401595,0.4272591472,-0.7324442267,-0.1831110567,-0.5787529945,0.6959440708,-0.4820703864,-0.0511490218,0.4510635734,-0.1466109157,0.0097670555,0.0308428407,-0.0221277773,-0.4976008236,-0.7759916186,-0.3578428626,0.1497401595,-0.4882961512,-0.3051851094,-1.2817773819,-0.7785882354,-0.1383098811,-0.6441847086,-0.6753135920,0.1744437963,-0.0963164195,0.0406225920,-0.0926454812,-0.0723310709,-0.4538339078,-0.1238855422,-0.8779648542,0.0900442228,0.4272591472,-0.8545182943,-0.2441480756,-0.5824152231,0.6981413960,-0.4812158644,-0.0476088747,0.4546037316,-0.1539353579,0.0060915947,0.0330298543,-0.0212711692,0.4975884855,0.7760261297,0.3577695191,-0.1497776806,
6980.049,0.4272591472,-0.8545182943,-0.2441480756,-0.5824152231,0.6981413960,-0.4812158644,-0.0476088747,0.4546037316,-0.1539353579,0.0060915947,0.0330298543,-0.0212711692,-0.4975884855,-0.7760261297,-0.3577695191,0.1497776806,0.4272591472,-0.8545182943,-0.2441480756,-0.5824152231,0.6981413960,-0.4812158644,-0.0476088747,0.4546037316,-0.1539353579,0.0060915947,0.0330298543,-0.0212711692,-0.4975884855,-0.7760261297,-0.3577695191,0.1497776806,-0.4882961512,-0.6714072227,-0.7324442267,-0.7765129805,-0.1384319663,-0.6423535943,-0.6715292931,0.1726126969,-0.0981475264,0.0425105095,-0.0922566280,-0.0702727437,-0.4536131024,-0.1243137568,-0.8779690266,0.0905248523,0.1831110567,-0.3662221134,-0.2441480756,-0.5830256343,0.6956999302,-0.4806054831,-0.0522476882,0.4489883184,-0.1552781761,0.0054358840,0.0305653811,-0.0206363201,0.4975748956,0.7760578990,0.3577175438,-0.1497819871,
6980.165,0.1831110567,-0.3662221134,-0.2441480756,-0.5830256343,0.6956999302,-0.4806054831,-0.0522476882,0.4489883184,-0.1552781761,0.0054358840,0.0305653811,-0.0206363201,-0.4975748956,-0.7760578990,-0.3577175438,0.1497819871,0.1831110567,-0.3662221134,-0.2441480756,-0.5830256343,0.6956999302,-0.4806054831,-0.0522476882,0.4489883184,-0.1552781761,0.0054358840,0.0305653811,-0.0206363201,-0.4975748956,-0.7760578990,-0.3577175438,0.1497819871,-1.0986663103,0.9765923023,-1.9531846046,-0.7998291254,-0.1419721097,-0.6449171305,-0.6742148995,0.1723685414,-0.0976592302,0.0188683867,-0.0951709896,-0.0724208951,-0.4532910585,-0.1246268526,-0.8780429363,0.0909896269,0.5493331552,-0.8545182943,0.0610370189,-0.5755791068,0.7026581764,-0.4862208962,-0.0478530228,0.4539933503,-0.1464888453,0.0127972960,0.0374742150,-0.0262142420,0.4975624979,0.7760950923,0.3576630950,-0.1497606039,
6980.281,0.5493331552,-0.8545182943,0.0610370189,-0.5755791068,0.7026581764,-0.4862208962,-0.0478530228,0.4539933503,-0.1464888453,0.0127972960,0.0374742150,-0.0262142420,-0.4975624979,-0.7760950923,-0.3576630950,0.1497606039,0.5493331552,-0.8545182943,0.0610370189,-0.5755791068,0.7026581764,-0.4862208962,-0.0478530228,0.4539933503,-0.1464888453,0.0127972960,0.0374742150,-0.0262142420,-0.4975624979,-0.7760950923,-0.3576630950,0.1497606039,1.4038513899,1.1597033739,-5.7985167503,-0.7220679522,-0.1618701816,-0.6495559812,-0.6744590402,0.1713919491,-0.0987579003,0.0960978866,-0.1135075539,-0.0764298439,-0.4527729154,-0.1247175932,-0.8782095909,0.0918346420,-1.1597033739,-1.1597033739,-3.4791100025,-0.6084170341,0.7053437829,-0.4691305161,-0.0507827997,0.4530167580,-0.1457564086,-0.0195679069,0.0403676629,-0.0094283223,0.4976693094,0.7758958936,0.3578824103,-0.1499137580,
6980.397,-1.1597033739,-1.1597033739,-3.4791100025,-0.6084170341,0.7053437829,-0.4691305161,-0.0507827997,0.4530167580,-0.1457564086,-0.0195679069,0.0403676629,-0.0094283223,-0.4976693094,-0.7758958936,-0.3578824103,0.1499137580,-1.1597033739,-1.1597033739,-3.4791100025,-0.6084170341,0.7053437829,-0.4691305161,-0.0507827997,0.4530167580,-0.1457564086,-0.0195679069,0.0403676629,-0.0094283223,-0.4976693094,-0.7758958936,-0.3578824103,0.1499137580,8.9114046097,-11.9632558823,-1.5869624615,-0.8232673407,-0.1272011548,-0.6201361418,-0.6664021611,0.1716361046,-0.0867946446,-0.0040323138,-0.0773501769,-0.0486666560,-0.4534170628,-0.1253450364,-0.8776484132,0.0931569710,1.2817773819,-1.6479995251,-0.9155552983,-0.5612964034,0.6906949282,-0.4912259281,-0.0538346507,0.4515518546,-0.1455122530,0.0276111960,0.0258394480,-0.0314241648,0.4975981712,0.7759328485,0.3578718305,-0.1499838978,
6980.513,1.2817773819,-1.6479995251,-0.9155552983,-0.5612964034,0.6906949282,-0.4912259281,-0.0538346507,0.4515518546,-0.1455122530,0.0276111960,0.0258394480,-0.0314241648,-0.4975981712,-0.7759328485,-0.3578718305,0.1499838978,1.2817773819,-1.6479995251,-0.9155552983,-0.5612964034,0.6906949282,-0.4912259281,-0.0538346507,0.4515518546,-0.1455122530,0.0276111960,0.0258394480,-0.0314241648,-0.4975981712,-0.7759328485,-0.3578718305,0.1499838978,3.3570361137,4.2725911140,-0.9155552983,-0.7689443827,-0.1696829200,-0.6148869395,-0.6651814580,0.1773735732,-0.0830103457,0.0496468544,-0.1187619865,-0.0425902605,-0.4527966082,-0.1259073317,-0.8778035045,0.0939514115,0.1831110567,-1.8311105967,-0.6103702188,-0.5921811461,0.6936246753,-0.4716940820,-0.0538346507,0.4505752623,-0.1513718069,-0.0031157136,0.0287922025,-0.0120609701,0.4976467788,0.7759036422,0.3578174114,-0.1501037180,
6980.629,0.1831110567,-1.8311105967,-0.6103702188,-0.5921811461,0.6936246753,-0.4716940820,-0.0538346507,0.4505752623,-0.1513718069,-0.0031157136,0.0287922025,-0.0120609701,-0.4976467788,-0.7759036422,-0.3578174114,0.1501037180,0.1831110567,-1.8311105967,-0.6103702188,-0.5921811461,0.6936246753,-0.4716940820,-0.0538346507,0.4505752623,-0.1513718069,-0.0031157136,0.0287922025,-0.0120609701,-0.4976467788,-0.7759036422,-0.3578174114,0.1501037180,-4.0284433365,6.8361463547,2.0752587318,-0.8252205253,-0.1842097193,-0.6095156670,-0.6705526710,0.1794488430,-0.0875270888,-0.0073946118,-0.1333547235,-0.0361205339,-0.4521659613,-0.1264273226,-0.8780415058,0.0940657407,0.5493331552,0.3662221134,0.1831110567,-0.5799737573,0.6970427632,-0.4806054831,-0.0548112430,0.4488662481,-0.1501510739,0.0089228749,0.0321617723,-0.0208264589,0.4975995123,0.7759587169,0.3577997684,-0.1500174254,
6980.745,0.5493331552,0.3662221134,0.1831110567,-0.5799737573,0.6970427632,-0.4806054831,-0.0548112430,0.4488662481,-0.1501510739,0.0089228749,0.0321617723,-0.0208264589,-0.4975995123,-0.7759587169,-0.3577997684,0.1500174254,0.5493331552,0.3662221134,0.1831110567,-0.5799737573,0.6970427632,-0.4806054831,-0.0548112430,0.4488662481,-0.1501510739,0.0089228749,0.0321617723,-0.0208264589,-0.4975995123,-0.7759587169,-0.3577997684,0.1500174254,-5.4322948456,3.1128878593,0.7324442267,-0.7834711671,-0.1492965519,-0.6373485327,-0.6792199612,0.1740775853,-0.0863063484,0.0338263512,-0.0986100063,-0.0631859303,-0.4517430365,-0.1267529726,-0.8782129884,0.0940581039,0.0610370189,-0.3051851094,0.1831110567,-0.5869320035,0.7021698952,-0.4807275534,-0.0548112430,0.4511856437,-0.1453901827,0.0018637776,0.0372012854,-0.0209458172,0.4976199269,0.7759616971,0.3577955663,-0.1499451399,
6980.861,0.0610370189,-0.3051851094,0.1831110567,-0.5869320035,0.7021698952,-0.4807275534,-0.0548112430,0.4511856437,-0.1453901827,0.0018637776,0.0372012854,-0.0209458172,-0.4976199269,-0.7759616971,-0.3577955663,0.1499451399,0.0610370189,-0.3051851094,0.1831110567,-0.5869320035,0.7021698952,-0.4807275534,-0.0548112430,0.4511856437,-0.1453901827,0.0018637776,0.0372012854,-0.0209458172,-0.4976199269,-0.7759616971,-0.3577955663,0.1499451399,0.2441480756,-3.9063692093,-1.4038513899,-0.7752922177,-0.1411175877,-0.6314889789,-0.6716513634,0.1693166941,-0.0897244215,0.0421636701,-0.0897586495,-0.0576114655,-0.4517813027,-0.1270834506,-0.8780841231,0.0946303383,0.6103702188,-0.7934812307,-0.6103702188,-0.5824152231,0.6875209808,-0.4771874249,-0.0511490218,0.4494765997,-0.1463667750,0.0064281225,0.0226163268,-0.0173743963,0.4975934029,0.7759673595,0.3578047454,-0.1499810219,
6980.977,0.6103702188,-0.7934812307,-0.6103702188,-0.5824152231,0.6875209808,-0.4771874249,-0.0511490218,0.4494765997,-0.1463667750,0.0064281225,0.0226163268,-0.0173743963,-0.4975934029,-0.7759673595,-0.3578047454,0.1499810219,0.6103702188,-0.7934812307,-0.6103702188,-0.5824152231,0.6875209808,-0.4771874249,-0.0511490218,0.4494765997,-0.1463667750,0.0064281225,0.0226163268,-0.0173743963,-0.4975934029,-0.7759673595,-0.3578047454,0.1499810219,1.1597033739,-3.1128878593,-2.0142216682,-0.7867671847,-0.1510055810,-0.6278267503,-0.6725058556,0.1720023155,-0.0910672322,0.0307875872,-0.0987555161,-0.0541704893,-0.4517593980,-0.1274144053,-0.8779731989,0.0953169093,0.0000000000,-0.6714072227,-0.1220740378,-0.5830256343,0.6958220005,-0.4814600050,-0.0554216132,0.4504531920,-0.1488082558,0.0057798624,0.0308669806,-0.0216715038,0.4976124167,0.7759672403,0.3577879667,-0.1499586701,
6981.093,0.0000000000,-0.6714072227,-0.1220740378,-0.5830256343,0.6958220005,-0.4814600050,-0.0554216132,0.4504531920,-0.1488082558,0.0057798624,0.0308669806,-0.0216715038,-0.4976124167,-0.7759672403,-0.3577879667,0.1499586701,0.0000000000,-0.6714072227,-0.1220740378,-0.5830256343,0.6958220005,-0.4814600050,-0.0554216132,0.4504531920,-0.1488082558,0.0057798624,0.0308669806,-0.0216715038,-0.4976124167,-0.7759672403,-0.3577879667,0.1499586701,0.9155552983,-1.5869624615,-0.9765923023,-0.8025147319,-0.1665089875,-0.6262398362,-0.6677449942,0.1740775853,-0.0900906399,0.0150227547,-0.1134789437,-0.0526304245,-0.4516479969,-0.1278274208,-0.8778998852,0.0959654078,0.3051851094,-0.2441480756,-0.1220740378,-0.5868098736,0.6970427632,-0.4764549732,-0.0548112430,0.4470351338,-0.1475875080,0.0019401908,0.0320583582,-0.0166375935,0.4976081550,0.7759780884,0.3577849567,-0.1499247402,
6981.209,0.3051851094,-0.2441480756,-0.1220740378,-0.5868098736,0.6970427632,-0.4764549732,-0.0548112430,0.4470351338,-0.1475875080,0.0019401908,0.0320583582,-0.0166375935,-0.4976081550,-0.7759780884,-0.3577849567,0.1499247402,0.3051851094,-0.2441480756,-0.1220740378,-0.5868098736,0.6970427632,-0.4764549732,-0.0548112430,0.4470351338,-0.1475875080,0.0019401908,0.0320583582,-0.0166375935,-0.4976081550,-0.7759780884,-0.3577849567,0.1499247402,1.3428144455,-0.3051851094,-2.7466659546,-0.7765129805,-0.1423383355,-0.6278267503,-0.6687215567,0.1743217260,-0.0860622004,0.0408168435,-0.0883387402,-0.0540118814,-0.4513897598,-0.1281468272,-0.8779118657,0.0966429189,0.1831110567,-0.8545182943,-0.8545182943,-0.5778985023,0.6958220005,-0.4857325852,-0.0584734641,0.4548478723,-0.1445356607,0.0108916163,0.0308742523,-0.0259137750,0.4976110756,0.7759479284,0.3578509092,-0.1499127448,
6981.325,0.1831110567,-0.8545182943,-0.8545182943,-0.5778985023,0.6958220005,-0.4857325852,-0.0584734641,0.4548478723,-0.1445356607,0.0108916163,0.0308742523,-0.0259137750,-0.4976110756,-0.7759479284,-0.3578509092,0.1499127448,0.1831110567,-0.8545182943,-0.8545182943,-0.5778985023,0.6958220005,-0.4857325852,-0.0584734641,0.4548478723,-0.1445356607,0.0108916163,0.0308742523,-0.0259137750,-0.4976110756,-0.7759479284,-0.3578509092,0.1499127448,0.4882961512,-1.1597033739,-0.8545182943,-0.8003174067,-0.1663869172,-0.6158635020,-0.6689657569,0.1716361046,-0.0813013092,0.0169721842,-0.1116706952,-0.0420594215,-0.4512695372,-0.1285174787,-0.8778544664,0.0972303897,0.7934812307,-1.0376293659,0.4882961512,-0.5831477046,0.6939908862,-0.4788964391,-0.0527359843,0.4506973624,-0.1396526992,0.0055704713,0.0289951563,-0.0190548599,0.4976081848,0.7759703398,0.3578182757,-0.1498842984,
6981.441,0.7934812307,-1.0376293659,0.4882961512,-0.5831477046,0.6939908862,-0.4788964391,-0.0527359843,0.4506973624,-0.1396526992,0.0055704713,0.0289951563,-0.0190548599,-0.4976081848,-0.7759703398,-0.3578182757,0.1498842984,0.7934812307,-1.0376293659,0.4882961512,-0.5831477046,0.6939908862,-0.4788964391,-0.0527359843,0.4506973624,-0.1396526992,0.0055704713,0.0289951563,-0.0190548599,-0.4976081848,-0.7759703398,-0.3578182757,0.1498842984,-1.8921475410,1.6479995251,-0.0610370189,-0.7899410725,-0.1567430645,-0.6251411438,-0.6671346426,0.1710257232,-0.0816675350,0.0269975662,-0.1017094553,-0.0508680940,-0.4509413838,-0.1288918257,-0.8779330850,0.0975466818,0.4882961512,-0.7324442267,-0.0610370189,-0.5805841088,0.6966765523,-0.4810937941,-0.0542008728,0.4511856437,-0.1417279541,0.0080857277,0.0316560864,-0.0212258995,0.4976064265,0.7759739161,0.3578292131,-0.1498462707,
6981.557,0.4882961512,-0.7324442267,-0.0610370189,-0.5805841088,0.6966765523,-0.4810937941,-0.0542008728,0.4511856437,-0.1417279541,0.0080857277,0.0316560864,-0.0212258995,-0.4976064265,-0.7759739161,-0.3578292131,0.1498462707,0.4882961512,-0.7324442267,-0.0610370189,-0.5805841088,0.6966765523,-0.4810937941,-0.0542008728,0.4511856437,-0.1417279541,0.0080857277,0.0316560864,-0.0212258995,-0.4976064265,-0.7759739161,-0.3578292131,0.1498462707,0.0610370189,-1.0376293659,-0.4882961512,-0.7840815187,-0.1532029212,-0.6277046800,-0.6681112051,0.1718802452,-0.0874050111,0.0327575803,-0.0976119339,-0.0533438325,-0.4507817030,-0.1293076575,-0.8778969646,0.0980582312,0.3662221134,-0.5493331552,-0.3662221134,-0.5807061791,0.6959440708,-0.4831690490,-0.0526139103,0.4491103888,-0.1435590684,0.0079352260,0.0309261084,-0.0232613087,0.4975948036,0.7759762406,0.3578517735,-0.1498183906,
6981.673,0.3662221134,-0.5493331552,-0.3662221134,-0.5807061791,0.6959440708,-0.4831690490,-0.0526139103,0.4491103888,-0.1435590684,0.0079352260,0.0309261084,-0.0232613087,-0.4975948036,-0.7759762406,-0.3578517735,0.1498183906,0.3662221134,-0.5493331552,-0.3662221134,-0.5807061791,0.6959440708,-0.4831690490,-0.0526139103,0.4491103888,-0.1435590684,0.0079352260,0.0309261084,-0.0232613087,-0.4975948036,-0.7759762406,-0.3578517735,0.1498183906,0.3051851094,-1.5259255171,-0.7324442267,-0.7928708792,-0.1484420300,-0.6245307922,-0.6670125723,0.1698049903,-0.0856959745,0.0239390731,-0.0922638774,-0.0501855612,-0.4506751597,-0.1297018826,-0.8778343797,0.0985863581,0.3051851094,-0.3662221134,-0.1831110567,-0.5746024847,0.6955778599,-0.4837794006,-0.0555436872,0.4528946877,-0.1480758041,0.0139547586,0.0305286646,-0.0238091648,0.4975789785,0.7759956121,0.3578533530,-0.1497666985,
6981.789,0.3051851094,-0.3662221134,-0.1831110567,-0.5746024847,0.6955778599,-0.4837794006,-0.0555436872,0.4528946877,-0.1480758041,0.0139547586,0.0305286646,-0.0238091648,-0.4975789785,-0.7759956121,-0.3578533530,0.1497666985,0.3051851094,-0.3662221134,-0.1831110567,-0.5746024847,0.6955778599,-0.4837794006,-0.0555436872,0.4528946877,-0.1480758041,0.0139547586,0.0305286646,-0.0238091648,-0.4975789785,-0.7759956121,-0.3578533530,0.1497666985,-0.6714072227,0.0610370189,-0.4882961512,-0.7872554660,-0.1589404047,-0.6259956956,-0.6695761085,0.1737113595,-0.0850856081,0.0293531418,-0.1022573113,-0.0514138341,-0.4504447281,-0.1300908774,-0.8778442144,0.0990384072,0.3662221134,-0.7324442267,-0.1831110567,-0.5842463374,0.6958220005,-0.4785302281,-0.0532242805,0.4494765997,-0.1508835107,0.0042942762,0.0307565331,-0.0185619891,0.4975756705,0.7760146260,0.3578110635,-0.1497809738,
6981.905,0.3662221134,-0.7324442267,-0.1831110567,-0.5842463374,0.6958220005,-0.4785302281,-0.0532242805,0.4494765997,-0.1508835107,0.0042942762,0.0307565331,-0.0185619891,-0.4975756705,-0.7760146260,-0.3578110635,0.1497809738,0.3662221134,-0.7324442267,-0.1831110567,-0.5842463374,0.6958220005,-0.4785302281,-0.0532242805,0.4494765997,-0.1508835107,0.0042942762,0.0307565331,-0.0185619891,-0.4975756705,-0.7760146260,-0.3578110635,0.1497809738,0.1220740378,0.1831110567,-0.4882961512,-0.7895748615,-0.1506393701,-0.6305124164,-0.6715292931,0.1667531431,-0.0842310861,0.0268166661,-0.0934177041,-0.0556756258,-0.4501996040,-0.1304830462,-0.8778586388,0.0995083377,0.3051851094,-0.4882961512,-0.1220740378,-0.5797296166,0.6975310445,-0.4814600050,-0.0513931699,0.4553361535,-0.1420941800,0.0087460279,0.0324296951,-0.0214608610,0.4975773394,0.7760139108,0.3578339815,-0.1497237831,
6982.021,0.3051851094,-0.4882961512,-0.1220740378,-0.5797296166,0.6975310445,-0.4814600050,-0.0513931699,0.4553361535,-0.1420941800,0.0087460279,0.0324296951,-0.0214608610,-0.4975773394,-0.7760139108,-0.3578339815,0.1497237831,0.3051851094,-0.4882961512,-0.1220740378,-0.5797296166,0.6975310445,-0.4814600050,-0.0513931699,0.4553361535,-0.1420941800,0.0087460279,0.0324296951,-0.0214608610,-0.4975773394,-0.7760139108,-0.3578339815,0.1497237831,0.6103702188,-0.1831110567,-1.0376293659,-0.7839594483,-0.1524704695,-0.6273384690,-0.6676229239,0.1696829200,-0.0836207196,0.0322435498,-0.0945722237,-0.0523017645,-0.4499675632,-0.1308636069,-0.8778588772,0.1000542417,0.4272591472,-0.8545182943,-0.1831110567,-0.5829035044,0.6966765523,-0.4809717238,-0.0476088747,0.4532608986,-0.1440473646,0.0055565834,0.0315631032,-0.0209701359,0.4975765646,0.7760216594,0.3578189015,-0.1497222930,
6982.137,0.4272591472,-0.8545182943,-0.1831110567,-0.5829035044,0.6966765523,-0.4809717238,-0.0476088747,0.4532608986,-0.1440473646,0.0055565834,0.0315631032,-0.0209701359,-0.4975765646,-0.7760216594,-0.3578189015,0.1497222930,0.4272591472,-0.8545182943,-0.1831110567,-0.5829035044,0.6966765523,-0.4809717238,-0.0476088747,0.4532608986,-0.1440473646,0.0055565834,0.0315631032,-0.0209701359,-0.4975765646,-0.7760216594,-0.3578189015,0.1497222930,-0.2441480756,-0.0610370189,-1.3428144455,-0.7857905626,-0.1566209942,-0.6266060472,-0.6662800908,0.1727347672,-0.0905789360,0.0302129984,-0.0980725437,-0.0513523817,-0.4497318864,-0.1312186122,-0.8778676391,0.1005703136,0.4272591472,-0.7324442267,-0.1831110567,-0.5830256343,0.6946012974,-0.4787743688,-0.0463881344,0.4561906755,-0.1411175877,0.0054161549,0.0294783115,-0.0187632740,0.4975774288,0.7760196924,0.3578297794,-0.1497035325,
6982.253,0.4272591472,-0.7324442267,-0.1831110567,-0.5830256343,0.6946012974,-0.4787743688,-0.0463881344,0.4561906755,-0.1411175877,0.0054161549,0.0294783115,-0.0187632740,-0.4975774288,-0.7760196924,-0.3578297794,0.1497035325,0.4272591472,-0.7324442267,-0.1831110567,-0.5830256343,0.6946012974,-0.4787743688,-0.0463881344,0.4561906755,-0.1411175877,0.0054161549,0.0294783115,-0.0187632740,-0.4975774288,-0.7760196924,-0.3578297794,0.1497035325,-0.5493331552,0.5493331552,-1.2207404375,-0.7822504640,-0.1534470618,-0.6283150911,-0.6721396446,0.1693166941,-0.0893581957,0.0334846377,-0.0943137333,-0.0527408123,-0.4494512677,-0.1315508485,-0.8779091835,0.1010268033,0.3051851094,-0.7324442267,-0.2441480756,-0.5808282495,0.6971648335,-0.4808496237,-0.0496841334,0.4465468228,-0.1445356607,0.0075880289,0.0320208073,-0.0208362341,0.4975791276,0.7760270238,0.3578154445,-0.1496940553,
6982.369,0.3051851094,-0.7324442267,-0.2441480756,-0.5808282495,0.6971648335,-0.4808496237,-0.0496841334,0.4465468228,-0.1445356607,0.0075880289,0.0320208073,-0.0208362341,-0.4975791276,-0.7760270238,-0.3578154445,0.1496940553,0.3051851094,-0.7324442267,-0.2441480756,-0.5808282495,0.6971648335,-0.4808496237,-0.0496841334,0.4465468228,-0.1445356607,0.0075880289,0.0320208073,-0.0208362341,-0.4975791276,-0.7760270238,-0.3578154445,0.1496940553,-0.9155552983,1.4038513899,-0.7324442267,-0.7846919298,-0.1527146250,-0.6313669086,-0.6701864600,0.1759086847,-0.0913113803,0.0306926370,-0.0931119770,-0.0553447604,-0.4491086602,-0.1319539696,-0.8779762387,0.1014412344,0.3662221134,-0.6714072227,-0.3051851094,-0.5808282495,0.6967986226,-0.4810937941,-0.0507827997,0.4497207701,-0.1457564086,0.0075650811,0.0316462517,-0.0210632086,0.4975733459,0.7760356665,0.3578086793,-0.1496846378,
6982.485,0.3662221134,-0.6714072227,-0.3051851094,-0.5808282495,0.6967986226,-0.4810937941,-0.0507827997,0.4497207701,-0.1457564086,0.0075650811,0.0316462517,-0.0210632086,-0.4975733459,-0.7760356665,-0.3578086793,0.1496846378,0.3662221134,-0.6714072227,-0.3051851094,-0.5808282495,0.6967986226,-0.4810937941,-0.0507827997,0.4497207701,-0.1457564086,0.0075650811,0.0316462517,-0.0210632086,-0.4975733459,-0.7760356665,-0.3578086793,0.1496846378,-0.4272591472,0.3662221134,-0.2441480756,-0.7811517715,-0.1490523964,-0.6331980228,-0.6667683721,0.1717581749,-0.0871608630,0.0339834690,-0.0890198722,-0.0568677187,-0.4488418400,-0.1323818266,-0.8779995441,0.1018619761,0.3662221134,-0.6103702188,-0.3051851094,-0.5802178979,0.6980193257,-0.4817041457,-0.0540787987,0.4497207701,-0.1506393701,0.0081427693,0.0328550935,-0.0216489434,0.4975616634,0.7760560513,0.3577817082,-0.1496823281,
6982.601,0.3662221134,-0.6103702188,-0.3051851094,-0.5802178979,0.6980193257,-0.4817041457,-0.0540787987,0.4497207701,-0.1506393701,0.0081427693,0.0328550935,-0.0216489434,-0.4975616634,-0.7760560513,-0.3577817082,0.1496823281,0.3662221134,-0.6103702188,-0.3051851094,-0.5802178979,0.6980193257,-0.4817041457,-0.0540787987,0.4497207701,-0.1506393701,0.0081427693,0.0328550935,-0.0216489434,-0.4975616634,-0.7760560513,-0.3577817082,0.1496823281,-0.1831110567,0.3662221134,-0.1220740378,-0.7831049562,-0.1485641003,-0.6367381811,-0.6725058556,0.1674855798,-0.0914334580,0.0317789912,-0.0881016627,-0.0600978136,-0.4485733509,-0.1328107268,-0.8780230880,0.1022827029,0.2441480756,-0.3662221134,-0.3662221134,-0.5788750648,0.6982635260,-0.4818262160,-0.0533463545,0.4498428404,-0.1462447047,0.0094357133,0.0330806375,-0.0217338502,0.4975549579,0.7760611773,0.3577968776,-0.1496425569,
6982.717,0.2441480756,-0.3662221134,-0.3662221134,-0.5788750648,0.6982635260,-0.4818262160,-0.0533463545,0.4498428404,-0.1462447047,0.0094357133,0.0330806375,-0.0217338502,-0.4975549579,-0.7760611773,-0.3577968776,0.1496425569,0.2441480756,-0.3662221134,-0.3662221134,-0.5788750648,0.6982635260,-0.4818262160,-0.0533463545,0.4498428404,-0.1462447047,0.0094357133,0.0330806375,-0.0217338502,-0.4975549579,-0.7760611773,-0.3577968776,0.1496425569,0.3051851094,-0.3051851094,-0.7934812307,-0.7802972794,-0.1486861855,-0.6358836889,-0.6716513634,0.1745658815,-0.0908230841,0.0343937874,-0.0876488760,-0.0590313673,-0.4483391345,-0.1332324296,-0.8780195713,0.1027903855,0.3051851094,-0.7324442267,-0.3662221134,-0.5824152231,0.6972869039,-0.4807275534,-0.0509048738,0.4521622360,-0.1417279541,0.0058897734,0.0320985317,-0.0206360519,0.4975618720,0.7760484219,0.3578237295,-0.1496208906,
6982.833,0.3051851094,-0.7324442267,-0.3662221134,-0.5824152231,0.6972869039,-0.4807275534,-0.0509048738,0.4521622360,-0.1417279541,0.0058897734,0.0320985317,-0.0206360519,-0.4975618720,-0.7760484219,-0.3578237295,0.1496208906,0.3051851094,-0.7324442267,-0.3662221134,-0.5824152231,0.6972869039,-0.4807275534,-0.0509048738,0.4521622360,-0.1417279541,0.0058897734,0.0320985317,-0.0206360519,-0.4975618720,-0.7760484219,-0.3578237295,0.1496208906,-0.1220740378,-0.3662221134,-0.3051851094,-0.7857905626,-0.1517380327,-0.6331980228,-0.6720175743,0.1666310579,-0.0936307907,0.0287346244,-0.0902284458,-0.0561617017,-0.4481338859,-0.1336393207,-0.8780100942,0.1032369658,0.3662221134,-0.4882961512,-0.2441480756,-0.5799737573,0.6974089742,-0.4802392721,-0.0511490218,0.4515518546,-0.1447798163,0.0082842112,0.0322015882,-0.0201151371,0.4975553751,0.7760559320,0.3578300476,-0.1495880932,
6982.949,0.3662221134,-0.4882961512,-0.2441480756,-0.5799737573,0.6974089742,-0.4802392721,-0.0511490218,0.4515518546,-0.1447798163,0.0082842112,0.0322015882,-0.0201151371,-0.4975553751,-0.7760559320,-0.3578300476,0.1495880932,0.3662221134,-0.4882961512,-0.2441480756,-0.5799737573,0.6974089742,-0.4802392721,-0.0511490218,0.4515518546,-0.1447798163,0.0082842112,0.0322015882,-0.0201151371,-0.4975553751,-0.7760559320,-0.3578300476,0.1495880932,-0.3662221134,0.5493331552,-0.2441480756,-0.7838373780,-0.1513718069,-0.6377148032,-0.6750694513,0.1680959463,-0.0975371599,0.0304176211,-0.0894281119,-0.0603438020,-0.4478509724,-0.1340625435,-0.8780409098,0.1036533564,0.1831110567,-0.4272591472,-0.3051851094,-0.5838801265,0.6977751851,-0.4788964391,-0.0489516892,0.4474013448,-0.1456343234,0.0043471456,0.0325448513,-0.0187659860,0.4975583255,0.7760590911,0.3578279614,-0.1495676786,
6983.065,0.1831110567,-0.4272591472,-0.3051851094,-0.5838801265,0.6977751851,-0.4788964391,-0.0489516892,0.4474013448,-0.1456343234,0.0043471456,0.0325448513,-0.0187659860,-0.4975583255,-0.7760590911,-0.3578279614,0.1495676786,0.1831110567,-0.4272591472,-0.3051851094,-0.5838801265,0.6977751851,-0.4788964391,-0.0489516892,0.4474013448,-0.1456343234,0.0043471456,0.0325448513,-0.0187659860,-0.4975583255,-0.7760590911,-0.3578279614,0.1495676786,0.1220740378,0.1220740378,-0.3662221134,-0.7851802111,-0.1450239569,-0.6380810142,-0.6718955040,0.1689504683,-0.0872829407,0.0288504362,-0.0826133415,-0.0604441166,-0.4476007819,-0.1344785243,-0.8780530691,0.1040916592,0.3662221134,-0.4272591472,-0.1831110567,-0.5783867836,0.6999725103,-0.4848780930,-0.0466322824,0.4489883184,-0.1494186223,0.0097661018,0.0347144008,-0.0246930420,0.4975357950,0.7760970592,0.3577835560,-0.1495513171,
6983.181,0.3662221134,-0.4272591472,-0.1831110567,-0.5783867836,0.6999725103,-0.4848780930,-0.0466322824,0.4489883184,-0.1494186223,0.0097661018,0.0347144008,-0.0246930420,-0.4975357950,-0.7760970592,-0.3577835560,0.1495513171,0.3662221134,-0.4272591472,-0.1831110567,-0.5783867836,0.6999725103,-0.4848780930,-0.0466322824,0.4489883184,-0.1494186223,0.0097661018,0.0347144008,-0.0246930420,-0.4975357950,-0.7760970592,-0.3577835560,0.1495513171,-0.7934812307,0.5493331552,-0.7324442267,-0.7793206573,-0.1457564086,-0.6384472251,-0.6760460138,0.1685842425,-0.0878933072,0.0344276428,-0.0829149410,-0.0604594350,-0.4473177493,-0.1348257959,-0.8780996799,0.1044650301,0.2441480756,-0.4272591472,-0.4882961512,-0.5802178979,0.6997283697,-0.4806054831,-0.0490737632,0.4427625239,-0.1401409954,0.0079083443,0.0344616771,-0.0203987360,0.4975362420,0.7760881782,0.3578179777,-0.1495135725,
6983.297,0.2441480756,-0.4272591472,-0.4882961512,-0.5802178979,0.6997283697,-0.4806054831,-0.0490737632,0.4427625239,-0.1401409954,0.0079083443,0.0344616771,-0.0203987360,-0.4975362420,-0.7760881782,-0.3578179777,0.1495135725,0.2441480756,-0.4272591472,-0.4882961512,-0.5802178979,0.6997283697,-0.4806054831,-0.0490737632,0.4427625239,-0.1401409954,0.0079083443,0.0344616771,-0.0203987360,-0.4975362420,-0.7760881782,-0.3578179777,0.1495135725,-0.1220740378,0.4272591472,-0.7934812307,-0.7782219648,-0.1427045465,-0.6395458579,-0.6750694513,0.1721244007,-0.0904568657,0.0352530479,-0.0793726444,-0.0612270832,-0.4470314980,-0.1352207959,-0.8781331778,0.1048974171,0.3051851094,-0.7324442267,-0.3051851094,-0.5808282495,0.6974089742,-0.4815820754,-0.0501724295,0.4477675855,-0.1427045465,0.0072797537,0.0321287513,-0.0213715136,0.4975394309,0.7760865092,0.3578242958,-0.1494966000,
6983.413,0.3051851094,-0.7324442267,-0.3051851094,-0.5808282495,0.6974089742,-0.4815820754,-0.0501724295,0.4477675855,-0.1427045465,0.0072797537,0.0321287513,-0.0213715136,-0.4975394309,-0.7760865092,-0.3578242958,0.1494966000,0.3051851094,-0.7324442267,-0.3051851094,-0.5808282495,0.6974089742,-0.4815820754,-0.0501724295,0.4477675855,-0.1427045465,0.0072797537,0.0321287513,-0.0213715136,-0.4975394309,-0.7760865092,-0.3578242958,0.1494966000,-0.3051851094,0.6103702188,-0.6103702188,-0.7717520595,-0.1444135904,-0.6363719702,-0.6745811105,0.1660206914,-0.0904568657,0.0414287448,-0.0806251094,-0.0576899052,-0.4467347264,-0.1355922818,-0.8781792521,0.1052951589,0.4272591472,-0.8545182943,-0.3662221134,-0.5822931528,0.6954557896,-0.4779198468,-0.0472426526,0.4482558668,-0.1394085586,0.0058264732,0.0301806927,-0.0177167952,0.4975444078,0.7760759592,0.3578417599,-0.1494926214,
6983.529,0.4272591472,-0.8545182943,-0.3662221134,-0.5822931528,0.6954557896,-0.4779198468,-0.0472426526,0.4482558668,-0.1394085586,0.0058264732,0.0301806927,-0.0177167952,-0.4975444078,-0.7760759592,-0.3578417599,0.1494926214,0.4272591472,-0.8545182943,-0.3662221134,-0.5822931528,0.6954557896,-0.4779198468,-0.0472426526,0.4482558668,-0.1394085586,0.0058264732,0.0301806927,-0.0177167952,-0.4975444078,-0.7760759592,-0.3578417599,0.1494926214,-0.9765923023,0.8545182943,-0.5493331552,-0.7765129805,-0.1439252943,-0.6374706030,-0.6762901545,0.1705374271,-0.0863063484,0.0363571644,-0.0797645226,-0.0583935976,-0.4464330375,-0.1359518915,-0.8782360554,0.1056365222,0.5493331552,-0.7324442267,-0.1220740378,-0.5804620385,0.6964324117,-0.4793847501,-0.0521256141,0.4492324591,-0.1422162503,0.0076215863,0.0311430097,-0.0191561282,0.4975385070,0.7760834694,0.3578437567,-0.1494694203,
6983.645,0.5493331552,-0.7324442267,-0.1220740378,-0.5804620385,0.6964324117,-0.4793847501,-0.0521256141,0.4492324591,-0.1422162503,0.0076215863,0.0311430097,-0.0191561282,-0.4975385070,-0.7760834694,-0.3578437567,0.1494694203,0.5493331552,-0.7324442267,-0.1220740378,-0.5804620385,0.6964324117,-0.4793847501,-0.0521256141,0.4492324591,-0.1422162503,0.0076215863,0.0311430097,-0.0191561282,-0.4975385070,-0.7760834694,-0.3578437567,0.1494694203,-0.0610370189,0.0610370189,-0.1220740378,-0.7810297012,-0.1420941800,-0.6428418756,-0.6772667766,0.1673635095,-0.0865504965,0.0316132307,-0.0775447115,-0.0634893775,-0.4461866617,-0.1363586783,-0.8782515526,0.1060244739,0.4272591472,-0.6103702188,-0.1831110567,-0.5797296166,0.6970427632,-0.4793847501,-0.0510269478,0.4470351338,-0.1417279541,0.0083116293,0.0317329168,-0.0191319287,0.4975359440,0.7760874033,0.3578516841,-0.1494374722,
6983.761,0.4272591472,-0.6103702188,-0.1831110567,-0.5797296166,0.6970427632,-0.4793847501,-0.0510269478,0.4470351338,-0.1417279541,0.0083116293,0.0317329168,-0.0191319287,-0.4975359440,-0.7760874033,-0.3578516841,0.1494374722,0.4272591472,-0.6103702188,-0.1831110567,-0.5797296166,0.6970427632,-0.4793847501,-0.0510269478,0.4470351338,-0.1417279541,0.0083116293,0.0317329168,-0.0191319287,-0.4975359440,-0.7760874033,-0.3578516841,0.1494374722,0.0610370189,-0.0610370189,-0.4272591472,-0.7755363584,-0.1450239569,-0.6419873834,-0.6749473810,0.1689504683,-0.0893581957,0.0368801355,-0.0800146312,-0.0623688698,-0.4459364712,-0.1367589682,-0.8782649636,0.1064490527,0.2441480756,-0.4882961512,-0.1220740378,-0.5820490122,0.6974089742,-0.4781640172,-0.0518814661,0.4506973624,-0.1409955174,0.0059419274,0.0320590138,-0.0179044604,0.4975484908,0.7760778069,0.3578776121,-0.1493845135,
6983.877,0.2441480756,-0.4882961512,-0.1220740378,-0.5820490122,0.6974089742,-0.4781640172,-0.0518814661,0.4506973624,-0.1409955174,0.0059419274,0.0320590138,-0.0179044604,-0.4975484908,-0.7760778069,-0.3578776121,0.1493845135,0.2441480756,-0.4882961512,-0.1220740378,-0.5820490122,0.6974089742,-0.4781640172,-0.0518814661,0.4506973624,-0.1409955174,0.0059419274,0.0320590138,-0.0179044604,-0.4975484908,-0.7760778069,-0.3578776121,0.1493845135,-0.6714072227,0.9765923023,-0.6103702188,-0.7855464220,-0.1416058838,-0.6460158229,-0.6725058556,0.1640675068,-0.0952177495,0.0265476704,-0.0762106851,-0.0659892559,-0.4456238449,-0.1371264756,-0.8783237934,0.1067993715,0.1831110567,-0.3662221134,-0.4882961512,-0.5777764320,0.6997283697,-0.4821924567,-0.0472426526,0.4464247525,-0.1507614404,0.0101736784,0.0343632698,-0.0219029784,0.4975347519,0.7761018872,0.3578460217,-0.1493801773,
6983.993,0.1831110567,-0.3662221134,-0.4882961512,-0.5777764320,0.6997283697,-0.4821924567,-0.0472426526,0.4464247525,-0.1507614404,0.0101736784,0.0343632698,-0.0219029784,-0.4975347519,-0.7761018872,-0.3578460217,0.1493801773,0.1831110567,-0.3662221134,-0.4882961512,-0.5777764320,0.6997283697,-0.4821924567,-0.0472426526,0.4464247525,-0.1507614404,0.0101736784,0.0343632698,-0.0219029784,-0.4975347519,-0.7761018872,-0.3578460217,0.1493801773,-0.1831110567,1.3428144455,-2.6856288910,-0.7763909101,-0.1318399608,-0.6463820338,-0.6776329875,0.1658986211,-0.0994903445,0.0353058577,-0.0657598898,-0.0658773780,-0.4452480376,-0.1373786628,-0.8784204721,0.1072466075,0.3051851094,-0.7324442267,-0.3662221134,-0.5765556693,0.6981413960,-0.4863429666,-0.0462660603,0.4519180954,-0.1511276662,0.0113629103,0.0327665210,-0.0260273516,0.4975176156,0.7761331201,0.3577965498,-0.1493934542,
6984.109,0.3051851094,-0.7324442267,-0.3662221134,-0.5765556693,0.6981413960,-0.4863429666,-0.0462660603,0.4519180954,-0.1511276662,0.0113629103,0.0327665210,-0.0260273516,-0.4975176156,-0.7761331201,-0.3577965498,0.1493934542,0.3051851094,-0.7324442267,-0.3662221134,-0.5765556693,0.6981413960,-0.4863429666,-0.0462660603,0.4519180954,-0.1511276662,0.0113629103,0.0327665210,-0.0260273516,-0.4975176156,-0.7761331201,-0.3577965498,0.1493934542,0.2441480756,-0.6103702188,0.1831110567,-0.7821283340,-0.1390423328,-0.6438184977,-0.6710410118,0.1698049903,-0.0952177495,0.0294180512,-0.0726113021,-0.0631436706,-0.4450522661,-0.1378577054,-0.8783938885,0.1076617241,0.4882961512,-0.6103702188,-0.1220740378,-0.5797296166,0.6989959478,-0.4798730314,-0.0498062074,0.4480117261,-0.1431928426,0.0081363320,0.0335950255,-0.0195278227,0.4975109696,0.7761470675,0.3577869833,-0.1493660659,
6984.225,0.4882961512,-0.6103702188,-0.1220740378,-0.5797296166,0.6989959478,-0.4798730314,-0.0498062074,0.4480117261,-0.1431928426,0.0081363320,0.0335950255,-0.0195278227,-0.4975109696,-0.7761470675,-0.3577869833,0.1493660659,0.4882961512,-0.6103702188,-0.1220740378,-0.5797296166,0.6989959478,-0.4798730314,-0.0498062074,0.4480117261,-0.1431928426,0.0081363320,0.0335950255,-0.0195278227,-0.4975109696,-0.7761470675,-0.3577869833,0.1493660659,-0.3662221134,0.4882961512,0.0000000000,-0.7741935253,-0.1300088465,-0.6440626383,-0.6734824777,0.1732230633,-0.0975371599,0.0370763540,-0.0633042529,-0.0630331039,-0.4447681308,-0.1383357644,-0.8784196377,0.1080117375,0.2441480756,-0.6103702188,-0.5493331552,-0.5770439506,0.6981413960,-0.4826807380,-0.0471205786,0.4486220777,-0.1392864734,0.0108085275,0.0327401161,-0.0223187208,0.4975124300,0.7761337161,0.3578276932,-0.1493331790,
6984.341,0.2441480756,-0.6103702188,-0.5493331552,-0.5770439506,0.6981413960,-0.4826807380,-0.0471205786,0.4486220777,-0.1392864734,0.0108085275,0.0327401161,-0.0223187208,-0.4975124300,-0.7761337161,-0.3578276932,0.1493331790,0.2441480756,-0.6103702188,-0.5493331552,-0.5770439506,0.6981413960,-0.4826807380,-0.0471205786,0.4486220777,-0.1392864734,0.0108085275,0.0327401161,-0.0223187208,-0.4975124300,-0.7761337161,-0.3578276932,0.1493331790,1.0986663103,-0.9155552983,-0.1220740378,-0.7750480771,-0.1361125559,-0.6454054117,-0.6729941964,0.1709036529,-0.0936307907,0.0360849500,-0.0689413622,-0.0642385483,-0.4445731342,-0.1388185769,-0.8783826232,0.1084955484,0.1831110567,-0.4272591472,-0.4882961512,-0.5811945200,0.6970427632,-0.4784081578,-0.0451673940,0.4465468228,-0.1479537338,0.0066436529,0.0316345096,-0.0180380344,0.4975075722,0.7761447430,0.3578094840,-0.1493357718,
6984.457,0.1831110567,-0.4272591472,-0.4882961512,-0.5811945200,0.6970427632,-0.4784081578,-0.0451673940,0.4465468228,-0.1479537338,0.0066436529,0.0316345096,-0.0180380344,-0.4975075722,-0.7761447430,-0.3578094840,0.1493357718,0.1831110567,-0.4272591472,-0.4882961512,-0.5811945200,0.6970427632,-0.4784081578,-0.0451673940,0.4465468228,-0.1479537338,0.0066436529,0.0316345096,-0.0180380344,-0.4975075722,-0.7761447430,-0.3578094840,0.1493357718,1.6479995251,-2.9297769070,0.5493331552,-0.7831049562,-0.1331827790,-0.6410107613,-0.6716513634,0.1688283980,-0.0952177495,0.0281290412,-0.0656034648,-0.0600321293,-0.4445525706,-0.1393531114,-0.8782444000,0.1090122983,0.3662221134,-0.6714072227,-0.3051851094,-0.5760673881,0.6970427632,-0.4846339226,-0.0474868007,0.4487441778,-0.1425824761,0.0117303729,0.0316229463,-0.0242288709,0.4974972904,0.7761553526,0.3578108847,-0.1493115276,
